PID,Gezamenlijke,Aantal_tracks,Aantal_albums,Aantal_volgers,Aantal_edits,Looptijd_ms,Aantal_artiesten
3000,False,16.0,16.0,1.0,4.0,3484812.0,16
3001,False,26.0,20.0,1.0,4.0,6432550.0,13
3002,False,12.0,12.0,1.0,5.0,2570961.0,11
3003,False,245.0,210.0,1.0,174.0,,193
3004,False,53.0,50.0,1.0,24.0,12117712.0,38
3005,False,81.0,68.0,1.0,12.0,18183838.0,44
3006,False,56.0,51.0,1.0,9.0,12968020.0,45
3007,False,71.0,52.0,1.0,18.0,18284595.0,27
3008,False,11.0,10.0,1.0,7.0,2789510.0,9
3009,False,11.0,7.0,1.0,5.0,2452922.0,4
3010,False,105.0,77.0,3.0,25.0,26462124.0,42
3011,False,26.0,25.0,1.0,10.0,5554704.0,24
3012,False,128.0,112.0,1.0,20.0,30079331.0,99
3013,False,57.0,46.0,1.0,5.0,12156915.0,35
3014,False,31.0,29.0,1.0,19.0,8260374.0,24
3015,False,32.0,26.0,1.0,21.0,7295263.0,21
3016,False,174.0,144.0,2.0,47.0,43842164.0,111
3017,False,49.0,37.0,2.0,10.0,12464607.0,20
3018,False,39.0,32.0,1.0,20.0,8702590.0,21
3019,False,8.0,6.0,2.0,6.0,2545944.0,7
3020,False,29.0,27.0,2.0,13.0,6305430.0,25
3021,False,56.0,50.0,2.0,14.0,12727577.0,34
3022,False,67.0,8.0,1.0,6.0,16803875.0,3
3023,False,46.0,40.0,1.0,6.0,11831667.0,36
3024,False,218.0,,2.0,99.0,49589158.0,78
3025,False,75.0,62.0,1.0,48.0,16257787.0,37
3026,False,26.0,22.0,1.0,7.0,6365437.0,16
3027,False,27.0,17.0,1.0,4.0,6026727.0,9
3028,False,34.0,30.0,1.0,3.0,7278866.0,30
3029,False,23.0,17.0,2.0,9.0,4753576.0,15
3030,False,37.0,36.0,1.0,4.0,,35
3031,False,223.0,191.0,1.0,25.0,55397389.0,167
3032,False,37.0,34.0,2.0,14.0,9082647.0,24
3033,,14.0,14.0,1.0,3.0,2711533.0,14
3034,False,22.0,12.0,1.0,3.0,8338804.0,8
3035,False,60.0,57.0,1.0,20.0,13771354.0,38
3036,False,60.0,38.0,1.0,15.0,13099591.0,21
3037,False,26.0,26.0,1.0,5.0,6093570.0,26
3038,False,148.0,28.0,1.0,6.0,33499446.0,14
3039,True,8.0,6.0,1.0,2.0,1850531.0,7
3040,False,115.0,77.0,1.0,65.0,23547369.0,55
3041,False,58.0,45.0,1.0,20.0,13550623.0,30
3042,False,29.0,10.0,1.0,6.0,5986104.0,7
3043,False,6.0,6.0,1.0,6.0,1699517.0,6
3044,False,30.0,16.0,1.0,4.0,6864832.0,6
3045,False,20.0,20.0,1.0,11.0,4386878.0,20
3046,False,203.0,186.0,2.0,46.0,54581370.0,158
3047,False,19.0,17.0,1.0,7.0,4547286.0,15
3048,False,129.0,81.0,2.0,65.0,29812613.0,59
3049,False,68.0,51.0,1.0,,16681111.0,31
3050,False,146.0,91.0,1.0,30.0,27683369.0,61
3051,False,81.0,75.0,2.0,20.0,17818806.0,59
3052,False,53.0,42.0,1.0,,13269527.0,25
3053,False,190.0,159.0,3.0,12.0,49100421.0,88
3054,False,21.0,20.0,1.0,4.0,4541262.0,19
3055,False,82.0,72.0,2.0,39.0,17244802.0,68
3056,False,63.0,59.0,5.0,,15450603.0,51
3057,False,41.0,41.0,1.0,6.0,10054349.0,38
3058,False,83.0,64.0,1.0,32.0,20988571.0,44
3059,False,128.0,126.0,4.0,2.0,32299495.0,121
3060,False,63.0,16.0,6.0,5.0,16680753.0,3
3061,False,74.0,45.0,1.0,17.0,16696762.0,41
3062,False,31.0,24.0,1.0,9.0,6635940.0,19
3063,False,75.0,67.0,1.0,16.0,16953845.0,57
3064,,55.0,53.0,4.0,41.0,11652048.0,49
3065,False,116.0,88.0,3.0,58.0,25499273.0,54
3066,False,37.0,36.0,1.0,9.0,9310333.0,28
3067,False,41.0,35.0,1.0,8.0,9065199.0,27
3068,False,67.0,61.0,12.0,33.0,13176539.0,40
3069,False,66.0,63.0,1.0,20.0,11666625.0,51
3070,False,17.0,17.0,1.0,10.0,4163670.0,17
3071,False,229.0,155.0,2.0,117.0,57677356.0,105
3072,False,40.0,35.0,1.0,8.0,9642260.0,27
3073,False,149.0,130.0,3.0,7.0,,115
3074,False,17.0,15.0,1.0,6.0,3816906.0,15
3075,False,77.0,63.0,3.0,44.0,18509136.0,55
3076,False,41.0,31.0,1.0,10.0,7386773.0,31
3077,False,29.0,16.0,1.0,13.0,6597518.0,15
3078,False,29.0,28.0,1.0,18.0,6432562.0,26
3079,False,9.0,8.0,1.0,6.0,2257719.0,6
3080,False,127.0,13.0,1.0,2.0,28924515.0,11
3081,False,23.0,21.0,1.0,15.0,5638718.0,18
3082,False,144.0,94.0,1.0,21.0,38668515.0,56
3083,False,21.0,20.0,4.0,7.0,4943924.0,16
3084,False,23.0,19.0,1.0,3.0,5141409.0,14
3085,False,42.0,31.0,2.0,23.0,9984375.0,24
3086,False,39.0,34.0,1.0,26.0,9166995.0,32
3087,False,18.0,13.0,1.0,4.0,4245819.0,11
3088,False,83.0,36.0,1.0,6.0,20920884.0,15
3089,False,,107.0,52.0,66.0,31986562.0,59
3090,False,20.0,20.0,1.0,17.0,4493456.0,19
3091,False,18.0,15.0,1.0,4.0,4034698.0,14
3092,False,156.0,87.0,1.0,5.0,38867263.0,45
3093,False,61.0,45.0,1.0,4.0,13849226.0,33
3094,False,50.0,41.0,1.0,,10964217.0,28
3095,False,29.0,29.0,2.0,2.0,8104981.0,29
3096,False,211.0,156.0,5.0,29.0,48365044.0,120
3097,False,21.0,21.0,1.0,10.0,4850114.0,21
3098,False,82.0,80.0,2.0,53.0,18894464.0,80
3099,False,127.0,73.0,1.0,42.0,32148463.0,52
3100,,85.0,,1.0,22.0,20099564.0,50
3101,,65.0,56.0,3.0,32.0,14687743.0,44
3102,,28.0,28.0,1.0,11.0,6453085.0,24
3103,,31.0,21.0,1.0,3.0,6016503.0,13
3104,False,95.0,63.0,1.0,31.0,32153249.0,42
3105,,16.0,16.0,2.0,,5954197.0,14
3106,False,5.0,5.0,2.0,2.0,1266103.0,5
3107,False,14.0,14.0,1.0,12.0,3129441.0,11
3108,False,120.0,80.0,1.0,2.0,28126333.0,46
3109,False,165.0,140.0,1.0,106.0,40363003.0,121
3110,,123.0,79.0,1.0,54.0,34112255.0,56
3111,False,62.0,62.0,1.0,24.0,12579434.0,59
3112,False,102.0,72.0,4.0,7.0,21052814.0,51
3113,,91.0,77.0,1.0,26.0,21223145.0,54
3114,,157.0,136.0,2.0,29.0,32391525.0,75
3115,,77.0,41.0,1.0,35.0,15993975.0,19
3116,False,52.0,52.0,3.0,2.0,11598361.0,46
3117,False,19.0,18.0,1.0,5.0,4332656.0,17
3118,,20.0,17.0,1.0,2.0,3844685.0,12
3119,True,46.0,40.0,1.0,28.0,9708935.0,34
3120,,29.0,24.0,16.0,10.0,25763769.0,16
3121,,155.0,124.0,1.0,116.0,35045230.0,94
3122,False,23.0,23.0,1.0,10.0,5139223.0,21
3123,False,67.0,56.0,1.0,22.0,16004477.0,45
3124,False,85.0,58.0,1.0,5.0,18722138.0,40
3125,,29.0,21.0,1.0,,7543975.0,11
3126,,64.0,56.0,1.0,27.0,15093443.0,50
3127,False,78.0,63.0,1.0,2.0,19868995.0,47
3128,,41.0,33.0,1.0,21.0,9384342.0,29
3129,False,92.0,60.0,1.0,18.0,20869920.0,36
3130,,26.0,20.0,1.0,8.0,6382370.0,23
3131,,31.0,31.0,1.0,12.0,7876436.0,25
3132,,69.0,41.0,2.0,10.0,14673963.0,25
3133,False,136.0,119.0,2.0,18.0,29315345.0,103
3134,,204.0,168.0,1.0,,48231329.0,118
3135,,24.0,14.0,1.0,5.0,5318694.0,8
3136,,28.0,10.0,2.0,3.0,5931851.0,8
3137,,103.0,88.0,1.0,54.0,23123768.0,78
3138,,14.0,13.0,1.0,2.0,3283390.0,12
3139,False,54.0,36.0,2.0,7.0,12205842.0,28
3140,False,91.0,81.0,1.0,38.0,22441964.0,62
3141,False,52.0,49.0,6.0,14.0,12148542.0,47
3142,False,62.0,55.0,1.0,33.0,10637987.0,45
3143,False,34.0,27.0,1.0,10.0,7100308.0,19
3144,False,46.0,41.0,2.0,21.0,10103235.0,39
3145,False,218.0,179.0,1.0,104.0,53628659.0,142
3146,False,195.0,113.0,1.0,31.0,43725660.0,61
3147,False,144.0,128.0,1.0,66.0,35168609.0,113
3148,False,25.0,15.0,1.0,3.0,7072752.0,9
3149,False,248.0,233.0,1.0,159.0,57599896.0,199
3150,False,37.0,30.0,1.0,3.0,7938413.0,21
3151,False,74.0,31.0,1.0,3.0,16954478.0,17
3152,False,103.0,85.0,2.0,51.0,22525799.0,57
3153,False,19.0,19.0,2.0,2.0,5368605.0,19
3154,False,54.0,46.0,1.0,8.0,12107336.0,26
3155,False,31.0,23.0,1.0,14.0,7900933.0,18
3156,False,58.0,57.0,1.0,33.0,12412178.0,55
3157,True,46.0,42.0,2.0,11.0,11087949.0,22
3158,False,145.0,80.0,1.0,4.0,37442956.0,31
3159,False,39.0,36.0,1.0,17.0,8579592.0,27
3160,False,63.0,63.0,1.0,2.0,12711578.0,60
3161,False,48.0,,2.0,5.0,11715893.0,25
3162,False,22.0,7.0,1.0,5.0,4447309.0,20
3163,False,82.0,61.0,2.0,19.0,18205803.0,46
3164,False,20.0,14.0,1.0,11.0,4241913.0,12
3165,False,32.0,30.0,2.0,5.0,6481002.0,25
3166,False,48.0,22.0,2.0,8.0,10829090.0,11
3167,False,106.0,65.0,1.0,47.0,23358274.0,38
3168,False,60.0,21.0,11.0,5.0,10425000.0,12
3169,False,23.0,23.0,1.0,20.0,4735885.0,23
3170,False,56.0,38.0,1.0,5.0,11550372.0,18
3171,False,21.0,21.0,1.0,10.0,4383405.0,21
3172,False,26.0,26.0,1.0,15.0,5883882.0,26
3173,False,,115.0,1.0,66.0,29512990.0,102
3174,False,46.0,24.0,1.0,4.0,8341593.0,34
3175,False,44.0,40.0,1.0,5.0,10238902.0,37
3176,False,132.0,113.0,1.0,20.0,34930277.0,70
3177,False,22.0,21.0,3.0,15.0,4942953.0,21
3178,False,25.0,25.0,1.0,8.0,4805814.0,19
3179,False,145.0,132.0,4.0,75.0,32849086.0,116
3180,False,19.0,19.0,1.0,2.0,4963229.0,19
3181,False,10.0,10.0,2.0,5.0,2106560.0,10
3182,False,153.0,99.0,1.0,3.0,34639565.0,48
3183,False,54.0,43.0,1.0,5.0,12845615.0,35
3184,False,81.0,73.0,2.0,39.0,17454426.0,59
3185,False,131.0,27.0,1.0,5.0,30347823.0,10
3186,False,67.0,35.0,1.0,17.0,15496100.0,20
3187,False,105.0,55.0,1.0,2.0,18346031.0,56
3188,False,207.0,87.0,1.0,16.0,49566298.0,41
3189,False,32.0,27.0,3.0,21.0,6911040.0,27
3190,False,116.0,102.0,1.0,7.0,26182167.0,79
3191,False,29.0,29.0,1.0,19.0,6146296.0,26
3192,False,29.0,21.0,1.0,6.0,6665400.0,18
3193,False,39.0,36.0,1.0,7.0,8972046.0,36
3194,False,224.0,188.0,1.0,43.0,48512496.0,149
3195,False,32.0,31.0,1.0,3.0,7847662.0,29
3196,False,224.0,98.0,2.0,4.0,56321159.0,29
3197,False,13.0,6.0,1.0,2.0,2753270.0,5
3198,False,18.0,15.0,1.0,4.0,3888605.0,10
3199,False,179.0,149.0,1.0,42.0,41175329.0,119
3200,True,83.0,70.0,1.0,13.0,18640987.0,53
3201,False,10.0,9.0,2.0,4.0,2179666.0,9
3202,False,213.0,141.0,2.0,27.0,48177018.0,85
3203,False,9.0,8.0,1.0,4.0,1943116.0,7
3204,False,45.0,36.0,1.0,3.0,9257710.0,21
3205,False,61.0,59.0,3.0,12.0,14244161.0,46
3206,False,99.0,88.0,2.0,2.0,21722693.0,77
3207,False,22.0,16.0,1.0,7.0,4322353.0,14
3208,False,42.0,29.0,2.0,6.0,10510253.0,19
3209,False,24.0,19.0,1.0,4.0,,18
3210,False,85.0,80.0,1.0,33.0,18189236.0,69
3211,False,115.0,75.0,1.0,34.0,26622528.0,59
3212,False,91.0,75.0,1.0,17.0,22153036.0,49
3213,False,16.0,9.0,1.0,8.0,3403154.0,8
3214,False,48.0,39.0,1.0,6.0,11299969.0,29
3215,False,51.0,39.0,1.0,4.0,12718549.0,34
3216,False,23.0,22.0,1.0,17.0,4776541.0,19
3217,False,99.0,78.0,1.0,43.0,24201755.0,55
3218,False,9.0,5.0,1.0,5.0,1817464.0,4
3219,False,15.0,14.0,2.0,8.0,3775639.0,13
3220,False,27.0,25.0,1.0,6.0,6809845.0,15
3221,False,7.0,7.0,1.0,2.0,1658825.0,7
3222,False,22.0,22.0,1.0,3.0,5152581.0,22
3223,False,20.0,17.0,1.0,5.0,4894708.0,14
3224,False,160.0,104.0,2.0,65.0,36488335.0,54
3225,False,111.0,103.0,2.0,,33869246.0,96
3226,False,41.0,40.0,1.0,14.0,6902694.0,34
3227,False,18.0,16.0,1.0,11.0,3824674.0,15
3228,False,52.0,35.0,1.0,5.0,12810291.0,17
3229,False,62.0,56.0,2.0,25.0,13884015.0,51
3230,False,148.0,113.0,1.0,22.0,33424250.0,66
3231,False,52.0,44.0,1.0,4.0,11734758.0,44
3232,False,48.0,30.0,1.0,3.0,12199170.0,21
3233,False,35.0,27.0,2.0,4.0,7307029.0,21
3234,False,44.0,40.0,4.0,7.0,10282530.0,37
3235,False,38.0,37.0,2.0,21.0,8695167.0,36
3236,False,40.0,25.0,1.0,14.0,9504594.0,18
3237,False,138.0,108.0,3.0,10.0,32533102.0,84
3238,False,88.0,81.0,1.0,20.0,19388334.0,72
3239,False,16.0,16.0,1.0,12.0,5619189.0,14
3240,False,135.0,108.0,1.0,57.0,33923462.0,69
3241,False,16.0,7.0,1.0,5.0,3653950.0,4
3242,True,46.0,40.0,1.0,11.0,12351707.0,35
3243,False,138.0,104.0,1.0,14.0,32160521.0,67
3244,False,12.0,12.0,1.0,2.0,2717065.0,11
3245,False,46.0,33.0,2.0,7.0,9604544.0,27
3246,False,,30.0,1.0,23.0,9765867.0,27
3247,False,52.0,42.0,1.0,8.0,12364635.0,36
3248,False,141.0,92.0,1.0,73.0,30644891.0,47
3249,False,72.0,67.0,7.0,33.0,14988168.0,46
3250,False,46.0,40.0,1.0,21.0,10652565.0,32
3251,False,90.0,86.0,4.0,28.0,23530935.0,43
3252,False,13.0,9.0,1.0,4.0,2409486.0,7
3253,False,189.0,125.0,2.0,67.0,54795934.0,84
3254,False,43.0,34.0,1.0,13.0,9395718.0,23
3255,False,121.0,69.0,1.0,62.0,22775678.0,36
3256,False,10.0,10.0,1.0,8.0,2500198.0,9
3257,False,29.0,29.0,1.0,3.0,6671557.0,25
3258,False,23.0,21.0,1.0,4.0,6506879.0,17
3259,False,203.0,157.0,3.0,114.0,46119023.0,104
3260,False,165.0,,1.0,37.0,34842712.0,46
3261,False,66.0,51.0,4.0,11.0,13901683.0,44
3262,False,40.0,39.0,1.0,7.0,9021208.0,30
3263,False,41.0,34.0,1.0,20.0,9774938.0,34
3264,False,90.0,12.0,1.0,5.0,26228037.0,11
3265,False,37.0,31.0,1.0,14.0,9571753.0,28
3266,False,16.0,16.0,1.0,13.0,3774900.0,15
3267,False,69.0,62.0,1.0,12.0,15649541.0,53
3268,False,8.0,8.0,1.0,6.0,1784908.0,7
3269,False,77.0,62.0,2.0,10.0,18711073.0,42
3270,False,45.0,44.0,1.0,11.0,11126055.0,35
3271,False,181.0,156.0,1.0,5.0,44925968.0,99
3272,False,80.0,6.0,4.0,5.0,23713031.0,17
3273,False,28.0,,1.0,10.0,6690310.0,24
3274,False,51.0,39.0,3.0,10.0,11570308.0,25
3275,False,29.0,22.0,2.0,14.0,6601316.0,19
3276,False,209.0,178.0,1.0,35.0,58417223.0,98
3278,False,,8.0,1.0,8.0,1963932.0,8
3278,False,54.0,45.0,1.0,11.0,13577058.0,32
3279,False,29.0,10.0,1.0,,6960001.0,3
3280,False,111.0,86.0,1.0,53.0,26054753.0,69
3281,False,114.0,102.0,1.0,46.0,28859774.0,76
3282,False,192.0,152.0,1.0,,42672363.0,128
3283,False,61.0,36.0,3.0,,13085426.0,23
3284,False,93.0,,1.0,,21487413.0,67
3285,False,80.0,53.0,1.0,,18344597.0,34
3286,False,143.0,88.0,9.0,,33218297.0,49
3287,False,24.0,19.0,1.0,6.0,5418848.0,18
3288,False,21.0,6.0,2.0,,5417027.0,3
3289,False,18.0,15.0,1.0,7.0,6424104.0,14
3290,False,50.0,39.0,1.0,13.0,11462193.0,35
3291,False,149.0,127.0,1.0,56.0,34488774.0,92
3292,False,26.0,24.0,1.0,,6514008.0,17
3293,False,79.0,71.0,1.0,52.0,18477431.0,55
3294,False,61.0,49.0,1.0,3.0,12487220.0,17
3295,False,113.0,91.0,1.0,,25621524.0,69
3296,False,12.0,12.0,1.0,3.0,2573600.0,12
3297,False,35.0,30.0,1.0,12.0,7411409.0,21
3298,False,27.0,26.0,1.0,,9468784.0,24
3299,False,61.0,34.0,3.0,7.0,15547373.0,23
3300,False,24.0,,1.0,11.0,4923373.0,3
3301,False,220.0,177.0,2.0,86.0,52713043.0,147
3302,False,14.0,9.0,5.0,2.0,3585727.0,13
3303,False,72.0,56.0,1.0,2.0,15952646.0,31
3304,False,12.0,12.0,2.0,2.0,2671333.0,12
3305,False,36.0,28.0,53.0,9.0,7720923.0,25
3306,False,27.0,17.0,1.0,15.0,6715873.0,20
3307,False,59.0,58.0,1.0,,13340273.0,52
3308,False,33.0,32.0,1.0,6.0,7389640.0,27
3309,False,107.0,91.0,2.0,,23233722.0,77
3310,False,19.0,18.0,1.0,11.0,4568801.0,14
3311,False,5.0,4.0,1.0,2.0,1172176.0,3
3312,False,22.0,19.0,1.0,,6363365.0,15
3313,False,165.0,89.0,1.0,32.0,36266357.0,45
3314,False,14.0,13.0,2.0,,3169238.0,13
3315,False,35.0,15.0,1.0,6.0,12438266.0,5
3316,False,33.0,20.0,1.0,,8833321.0,19
3317,False,14.0,14.0,2.0,4.0,3765779.0,14
3318,False,9.0,8.0,1.0,,1990145.0,8
3319,False,53.0,41.0,1.0,21.0,15731748.0,30
3320,False,21.0,14.0,1.0,,6100136.0,19
3321,False,138.0,96.0,,48.0,33987123.0,60
3322,False,20.0,12.0,1.0,9.0,5266942.0,9
3323,False,133.0,20.0,1.0,6.0,23208277.0,64
3324,False,195.0,179.0,1.0,21.0,49955339.0,147
3325,False,25.0,22.0,1.0,10.0,5409589.0,20
3326,False,110.0,90.0,9.0,47.0,25335402.0,73
3327,False,44.0,37.0,1.0,10.0,14343337.0,32
3328,False,23.0,16.0,1.0,2.0,5422347.0,12
3329,False,101.0,78.0,4.0,39.0,22680150.0,53
3330,False,48.0,44.0,1.0,15.0,10760611.0,38
3331,False,14.0,12.0,1.0,4.0,3488076.0,11
3332,False,35.0,33.0,1.0,10.0,7775837.0,29
3333,False,59.0,22.0,1.0,4.0,11264070.0,22
3334,False,26.0,24.0,1.0,3.0,5332858.0,25
3335,False,33.0,10.0,1.0,4.0,6208859.0,13
3336,False,98.0,96.0,1.0,47.0,20958748.0,93
3337,False,25.0,25.0,1.0,14.0,5357192.0,24
3338,False,32.0,22.0,1.0,4.0,6631283.0,13
3339,False,177.0,68.0,1.0,27.0,47919614.0,52
3340,False,35.0,35.0,2.0,12.0,7642578.0,28
3341,False,15.0,12.0,1.0,10.0,6632384.0,9
3342,False,236.0,173.0,1.0,34.0,50287327.0,99
3343,False,198.0,86.0,1.0,16.0,53941280.0,55
3344,False,24.0,4.0,1.0,3.0,3716983.0,8
3345,False,81.0,43.0,1.0,4.0,19647128.0,24
3346,False,14.0,14.0,1.0,6.0,3665560.0,10
3347,False,6.0,6.0,1.0,2.0,1341597.0,5
3348,False,80.0,59.0,1.0,9.0,21874695.0,32
3349,False,22.0,20.0,1.0,14.0,8185520.0,14
3350,False,62.0,55.0,1.0,2.0,14250850.0,45
3351,False,109.0,100.0,2.0,83.0,22718353.0,75
3352,False,30.0,25.0,1.0,6.0,7061604.0,23
3353,False,11.0,11.0,1.0,6.0,2554023.0,8
3354,False,17.0,17.0,1.0,4.0,4248767.0,17
3355,False,33.0,28.0,3.0,10.0,7310297.0,26
3356,False,19.0,15.0,1.0,3.0,4223238.0,8
3357,False,46.0,34.0,2.0,13.0,11239839.0,28
3358,False,177.0,100.0,1.0,85.0,38299920.0,41
3359,False,69.0,28.0,1.0,7.0,15118832.0,13
3360,False,234.0,150.0,1.0,57.0,61825913.0,118
3361,False,77.0,68.0,1.0,37.0,18638517.0,60
3362,False,110.0,50.0,4.0,18.0,26947383.0,32
3363,False,22.0,18.0,2.0,2.0,4749964.0,14
3364,False,42.0,38.0,1.0,11.0,9496779.0,20
3365,False,37.0,33.0,1.0,16.0,10787704.0,33
3366,False,169.0,132.0,2.0,15.0,39614638.0,80
3367,False,40.0,37.0,1.0,13.0,9399847.0,29
3368,False,18.0,13.0,1.0,9.0,3383788.0,12
3369,False,78.0,64.0,1.0,43.0,17217908.0,58
3370,False,36.0,33.0,1.0,2.0,9697644.0,16
3371,False,51.0,47.0,1.0,2.0,11276745.0,40
3372,False,178.0,58.0,1.0,15.0,31507637.0,116
3373,False,40.0,30.0,1.0,15.0,8101571.0,19
3374,False,136.0,89.0,1.0,31.0,32061691.0,59
3375,False,29.0,19.0,2.0,9.0,6913178.0,16
3376,False,56.0,36.0,1.0,2.0,14637335.0,9
3377,False,37.0,35.0,1.0,15.0,8128361.0,28
3378,False,41.0,35.0,1.0,13.0,9426463.0,26
3379,False,53.0,52.0,1.0,37.0,11565615.0,49
3380,False,35.0,30.0,9.0,15.0,8998231.0,23
3381,False,57.0,33.0,1.0,19.0,13792542.0,18
3382,False,62.0,25.0,1.0,3.0,15102274.0,13
3383,False,27.0,26.0,1.0,13.0,7127021.0,22
3384,False,20.0,20.0,2.0,19.0,5522715.0,20
3385,False,107.0,69.0,1.0,12.0,24501695.0,42
3386,False,14.0,13.0,1.0,2.0,3316423.0,12
3387,False,15.0,13.0,1.0,2.0,3623021.0,13
3388,False,109.0,106.0,1.0,20.0,24821421.0,85
3389,False,103.0,85.0,1.0,38.0,21196535.0,63
3390,False,28.0,14.0,1.0,11.0,6062854.0,12
3391,False,63.0,52.0,1.0,3.0,14649338.0,36
3392,False,31.0,29.0,1.0,5.0,6763365.0,28
3393,False,26.0,21.0,1.0,4.0,5817080.0,17
3394,False,125.0,120.0,2.0,39.0,33671884.0,80
3395,False,64.0,50.0,1.0,21.0,14725713.0,32
3396,False,42.0,40.0,1.0,11.0,11002755.0,35
3397,False,126.0,106.0,1.0,4.0,31925927.0,71
3398,False,6.0,6.0,1.0,3.0,1761225.0,6
3399,False,28.0,23.0,1.0,7.0,6236294.0,19
3400,False,56.0,47.0,2.0,10.0,15557835.0,34
3401,False,21.0,18.0,1.0,16.0,4460993.0,15
3402,False,71.0,66.0,2.0,9.0,17947839.0,41
3403,False,73.0,47.0,1.0,5.0,17374494.0,30
3404,False,234.0,178.0,1.0,57.0,53475235.0,146
3405,False,45.0,39.0,1.0,12.0,10541726.0,32
3406,False,130.0,113.0,1.0,11.0,30458606.0,96
3407,False,35.0,23.0,1.0,4.0,8523299.0,18
3408,False,8.0,7.0,1.0,6.0,1766927.0,5
3409,True,141.0,112.0,1.0,57.0,33267223.0,102
3410,False,121.0,92.0,1.0,35.0,29045907.0,78
3411,False,17.0,16.0,2.0,13.0,4175515.0,13
3412,False,80.0,54.0,1.0,9.0,17350321.0,32
3413,False,187.0,87.0,1.0,17.0,42787664.0,56
3414,False,36.0,28.0,1.0,2.0,8764731.0,30
3415,False,45.0,37.0,2.0,17.0,11338142.0,33
3416,False,31.0,31.0,1.0,9.0,7363056.0,29
3417,False,37.0,31.0,1.0,29.0,8338736.0,25
3418,False,18.0,15.0,1.0,5.0,4555818.0,10
3419,False,101.0,59.0,2.0,19.0,22709756.0,36
3420,False,28.0,24.0,1.0,3.0,6709861.0,20
3421,False,11.0,11.0,1.0,10.0,3015896.0,9
3422,False,48.0,31.0,1.0,6.0,10292589.0,17
3423,False,162.0,59.0,1.0,41.0,40479586.0,46
3424,False,85.0,21.0,1.0,5.0,20661757.0,8
3425,False,24.0,11.0,1.0,5.0,5563938.0,7
3426,False,48.0,32.0,1.0,20.0,12712398.0,16
3427,False,39.0,32.0,1.0,7.0,7756057.0,21
3428,False,33.0,31.0,1.0,13.0,7061976.0,28
3429,False,76.0,56.0,1.0,2.0,20895157.0,41
3430,False,90.0,47.0,1.0,58.0,19858900.0,31
3431,False,141.0,131.0,1.0,19.0,47711435.0,118
3432,False,19.0,19.0,1.0,2.0,4700030.0,19
3433,False,21.0,19.0,4.0,7.0,4800978.0,17
3434,False,39.0,30.0,2.0,22.0,9214494.0,24
3435,False,80.0,61.0,1.0,17.0,18768684.0,53
3436,False,148.0,131.0,1.0,28.0,35873609.0,96
3437,False,74.0,63.0,1.0,25.0,16722668.0,49
3438,False,10.0,9.0,1.0,5.0,2446793.0,8
3439,False,14.0,14.0,1.0,9.0,3409218.0,14
3440,False,95.0,41.0,4.0,17.0,18534752.0,32
3441,False,19.0,19.0,1.0,12.0,4119404.0,19
3442,False,20.0,20.0,1.0,2.0,4480169.0,20
3443,False,117.0,94.0,1.0,27.0,26275394.0,74
3444,False,35.0,17.0,1.0,12.0,7987418.0,11
3445,False,19.0,18.0,1.0,4.0,4642511.0,14
3446,False,7.0,7.0,1.0,2.0,1748490.0,5
3447,False,12.0,12.0,1.0,3.0,3056730.0,12
3448,False,123.0,42.0,1.0,7.0,29918560.0,23
3449,False,63.0,56.0,2.0,26.0,14457486.0,42
3450,False,8.0,8.0,1.0,3.0,1678690.0,8
3451,False,143.0,119.0,1.0,9.0,35734173.0,87
3452,False,16.0,16.0,1.0,4.0,4316198.0,15
3453,False,32.0,30.0,2.0,15.0,6634175.0,30
3454,False,16.0,15.0,1.0,6.0,3847832.0,11
3455,False,59.0,54.0,1.0,14.0,12898709.0,49
3456,False,41.0,4.0,1.0,2.0,9289755.0,4
3457,False,10.0,6.0,1.0,4.0,3100623.0,5
3458,False,78.0,58.0,1.0,37.0,17505640.0,27
3459,False,16.0,12.0,1.0,3.0,3727446.0,12
3460,False,74.0,56.0,6.0,35.0,17551232.0,36
3461,False,131.0,53.0,1.0,7.0,29873108.0,25
3462,False,122.0,104.0,1.0,21.0,27106981.0,76
3463,False,66.0,47.0,1.0,24.0,15085519.0,41
3464,False,124.0,37.0,1.0,17.0,34210136.0,18
3465,False,43.0,17.0,1.0,5.0,9943656.0,13
3466,False,84.0,51.0,1.0,18.0,18687573.0,25
3467,False,123.0,109.0,2.0,19.0,27256505.0,81
3468,False,30.0,18.0,2.0,3.0,7894028.0,8
3469,False,13.0,8.0,1.0,3.0,2378062.0,11
3470,False,17.0,17.0,1.0,3.0,3470110.0,17
3471,False,52.0,32.0,2.0,4.0,14011709.0,26
3472,True,48.0,36.0,1.0,7.0,11854218.0,30
3473,False,21.0,15.0,2.0,18.0,4968138.0,10
3474,False,8.0,5.0,1.0,4.0,2021912.0,4
3475,False,139.0,125.0,1.0,3.0,31676741.0,120
3476,False,64.0,62.0,1.0,21.0,15734029.0,56
3477,False,20.0,4.0,5.0,2.0,7371033.0,4
3478,True,91.0,78.0,2.0,47.0,21745067.0,73
3479,False,151.0,124.0,1.0,38.0,34130628.0,91
3480,False,53.0,37.0,1.0,3.0,11597821.0,27
3481,False,243.0,210.0,1.0,41.0,58094556.0,146
3482,False,95.0,58.0,2.0,17.0,19108610.0,36
3483,False,15.0,15.0,1.0,11.0,3534709.0,13
3484,False,42.0,37.0,1.0,4.0,9684527.0,30
3485,False,10.0,10.0,1.0,6.0,2186645.0,10
3486,False,172.0,107.0,1.0,38.0,38548269.0,70
3487,False,26.0,24.0,1.0,6.0,6371635.0,24
3488,False,11.0,11.0,1.0,3.0,2003334.0,11
3489,False,28.0,23.0,1.0,6.0,5803846.0,23
3490,False,34.0,29.0,1.0,11.0,7224242.0,19
3491,False,39.0,28.0,1.0,26.0,8989141.0,26
3492,False,34.0,24.0,1.0,16.0,8055786.0,19
3493,False,17.0,15.0,1.0,4.0,3625546.0,14
3494,False,43.0,42.0,1.0,21.0,9898704.0,40
3495,False,47.0,45.0,3.0,3.0,10504402.0,42
3496,False,21.0,21.0,1.0,15.0,5569956.0,18
3497,False,180.0,134.0,1.0,83.0,37371810.0,92
3498,False,80.0,42.0,1.0,5.0,14860758.0,8
3499,False,40.0,13.0,1.0,7.0,10084578.0,7
3500,False,53.0,43.0,1.0,15.0,12155505.0,29
3501,False,28.0,26.0,2.0,10.0,6246679.0,17
3502,False,84.0,36.0,2.0,4.0,24247424.0,21
3503,False,173.0,151.0,2.0,124.0,37202228.0,110
3504,False,58.0,48.0,1.0,12.0,15255841.0,22
3505,False,16.0,14.0,1.0,11.0,3245324.0,13
3506,False,82.0,63.0,1.0,11.0,20929096.0,42
3507,False,22.0,19.0,1.0,9.0,4760081.0,14
3508,False,18.0,16.0,1.0,7.0,4145255.0,14
3509,False,49.0,46.0,1.0,2.0,10711244.0,40
3510,False,19.0,19.0,1.0,18.0,4249365.0,19
3511,False,35.0,14.0,1.0,3.0,8028437.0,8
3512,False,51.0,18.0,1.0,4.0,9491610.0,11
3513,False,229.0,106.0,3.0,30.0,75550627.0,93
3514,False,14.0,14.0,1.0,6.0,3255885.0,10
3515,False,34.0,33.0,1.0,14.0,7078770.0,31
3516,False,100.0,84.0,1.0,24.0,23905765.0,52
3517,False,22.0,18.0,2.0,4.0,4972914.0,18
3518,False,49.0,28.0,1.0,6.0,10463990.0,25
3519,False,63.0,61.0,1.0,7.0,14193712.0,49
3520,False,26.0,20.0,1.0,2.0,6762345.0,13
3521,False,75.0,68.0,1.0,45.0,17394898.0,66
3522,False,46.0,36.0,1.0,21.0,9685235.0,25
3523,False,38.0,26.0,1.0,6.0,8604597.0,21
3524,False,80.0,70.0,1.0,23.0,17240085.0,51
3525,True,55.0,47.0,1.0,19.0,13566952.0,36
3526,False,120.0,87.0,1.0,8.0,26868510.0,41
3527,False,20.0,19.0,1.0,15.0,4608976.0,17
3528,False,150.0,126.0,1.0,55.0,39130113.0,101
3529,False,23.0,20.0,1.0,5.0,5399558.0,16
3530,False,160.0,106.0,8.0,73.0,33182868.0,66
3531,False,147.0,75.0,1.0,71.0,32301788.0,41
3532,True,33.0,26.0,1.0,9.0,7880271.0,17
3533,False,45.0,43.0,1.0,33.0,10262838.0,40
3534,False,23.0,21.0,1.0,13.0,5527712.0,21
3535,False,25.0,20.0,1.0,7.0,5494503.0,19
3536,False,22.0,22.0,1.0,5.0,4593618.0,21
3537,False,14.0,14.0,1.0,3.0,3884817.0,13
3538,False,21.0,19.0,1.0,5.0,4841673.0,13
3539,False,109.0,85.0,1.0,29.0,24824407.0,63
3540,False,124.0,93.0,1.0,22.0,29409659.0,57
3541,False,68.0,62.0,1.0,11.0,17226230.0,56
3542,False,31.0,14.0,1.0,2.0,6049111.0,4
3543,False,29.0,29.0,2.0,21.0,6691627.0,29
3544,False,51.0,44.0,1.0,10.0,11861660.0,41
3545,True,25.0,23.0,2.0,4.0,6096381.0,19
3546,False,8.0,8.0,1.0,5.0,2099132.0,7
3547,False,148.0,134.0,1.0,4.0,34815837.0,92
3548,False,16.0,13.0,1.0,4.0,4354408.0,8
3549,False,57.0,32.0,1.0,25.0,17942477.0,22
3550,False,32.0,29.0,1.0,2.0,7796744.0,28
3551,False,123.0,104.0,1.0,6.0,31237898.0,69
3552,False,36.0,34.0,1.0,8.0,9184897.0,29
3553,False,217.0,187.0,2.0,100.0,49884886.0,129
3554,False,17.0,12.0,1.0,8.0,3689346.0,12
3555,False,19.0,15.0,1.0,3.0,4480645.0,11
3556,False,50.0,35.0,1.0,5.0,10372527.0,24
3557,False,71.0,54.0,1.0,13.0,16179499.0,29
3558,False,118.0,96.0,1.0,77.0,29842439.0,80
3559,False,34.0,31.0,3.0,14.0,9454861.0,24
3560,False,61.0,40.0,8.0,9.0,22531615.0,25
3561,True,5.0,5.0,1.0,3.0,1130465.0,5
3562,False,67.0,60.0,1.0,29.0,16142173.0,47
3563,False,100.0,82.0,1.0,26.0,23923214.0,69
3564,False,34.0,28.0,1.0,16.0,7558517.0,20
3565,False,165.0,110.0,13.0,12.0,43077702.0,45
3566,False,91.0,52.0,1.0,3.0,18990230.0,31
3567,False,37.0,23.0,1.0,2.0,9568908.0,18
3568,False,89.0,64.0,1.0,7.0,17293924.0,55
3569,False,41.0,23.0,1.0,4.0,7722851.0,36
3570,False,26.0,25.0,1.0,20.0,5507335.0,24
3571,False,49.0,40.0,1.0,37.0,11109358.0,26
3572,False,87.0,69.0,1.0,62.0,21381527.0,62
3573,True,19.0,16.0,1.0,10.0,3900542.0,15
3574,False,111.0,93.0,1.0,4.0,26163767.0,62
3575,False,28.0,10.0,1.0,3.0,8919937.0,4
3576,False,77.0,69.0,3.0,30.0,22428370.0,53
3577,False,75.0,23.0,1.0,20.0,15662001.0,13
3578,False,113.0,24.0,1.0,9.0,25553774.0,9
3579,False,161.0,140.0,1.0,97.0,34800840.0,107
3580,False,170.0,144.0,2.0,37.0,43391076.0,93
3581,False,69.0,65.0,1.0,40.0,16302395.0,61
3582,False,53.0,40.0,2.0,29.0,17648290.0,29
3583,False,143.0,111.0,1.0,25.0,32396560.0,91
3584,False,101.0,89.0,5.0,47.0,23679722.0,78
3585,False,98.0,64.0,1.0,20.0,23629584.0,49
3586,False,57.0,49.0,2.0,3.0,13516330.0,42
3587,False,51.0,46.0,2.0,19.0,10747069.0,41
3588,False,9.0,9.0,1.0,8.0,2063658.0,9
3589,False,185.0,17.0,2.0,2.0,59500594.0,25
3590,False,22.0,5.0,1.0,4.0,4669821.0,4
3591,False,119.0,109.0,1.0,22.0,28118278.0,88
3592,False,65.0,59.0,1.0,14.0,16778547.0,41
3593,False,34.0,33.0,2.0,10.0,8240088.0,32
3594,False,25.0,22.0,1.0,7.0,5726783.0,18
3595,False,58.0,54.0,1.0,21.0,13139981.0,41
3596,False,79.0,68.0,1.0,16.0,21160100.0,48
3597,False,73.0,50.0,5.0,10.0,23050676.0,36
3598,False,55.0,50.0,2.0,11.0,13150604.0,44
3599,False,63.0,54.0,1.0,3.0,14347540.0,19
3600,False,128.0,109.0,1.0,66.0,28451270.0,79
3601,False,22.0,10.0,1.0,7.0,4755285.0,11
3602,False,73.0,67.0,1.0,45.0,15978224.0,57
3603,False,21.0,20.0,2.0,2.0,5427516.0,17
3604,False,27.0,22.0,1.0,10.0,5941403.0,22
3605,False,82.0,81.0,1.0,40.0,19309967.0,78
3606,False,59.0,7.0,1.0,4.0,13407525.0,4
3607,False,58.0,51.0,3.0,9.0,13408702.0,42
3608,False,80.0,63.0,1.0,24.0,12663800.0,41
3609,False,40.0,22.0,3.0,4.0,13952845.0,12
3610,False,128.0,86.0,1.0,31.0,30074585.0,60
3611,False,224.0,145.0,2.0,21.0,60668960.0,89
3612,False,35.0,30.0,1.0,9.0,8775954.0,24
3613,False,28.0,27.0,1.0,15.0,6428380.0,21
3614,False,80.0,52.0,1.0,47.0,17752269.0,38
3615,False,131.0,99.0,1.0,58.0,29780346.0,85
3616,False,43.0,21.0,2.0,15.0,13944098.0,19
3617,False,11.0,5.0,1.0,2.0,2483117.0,4
3618,False,50.0,46.0,1.0,14.0,9148724.0,38
3619,False,46.0,40.0,1.0,16.0,10360295.0,35
3620,False,15.0,14.0,2.0,5.0,3289510.0,10
3621,False,29.0,28.0,5.0,8.0,6945661.0,17
3622,False,14.0,12.0,1.0,5.0,3028578.0,8
3623,False,20.0,15.0,1.0,7.0,5473990.0,11
3624,False,11.0,10.0,1.0,10.0,2526360.0,9
3625,False,7.0,5.0,1.0,4.0,1705931.0,4
3626,False,246.0,139.0,2.0,25.0,52356692.0,70
3627,False,52.0,49.0,1.0,23.0,12263599.0,39
3628,False,16.0,6.0,1.0,2.0,3318272.0,3
3629,False,87.0,64.0,2.0,17.0,20302444.0,36
3630,False,104.0,11.0,1.0,3.0,25092978.0,4
3631,False,122.0,82.0,1.0,7.0,20939721.0,34
3632,False,11.0,11.0,4.0,2.0,2485250.0,10
3633,False,74.0,58.0,2.0,13.0,17298582.0,41
3634,False,11.0,10.0,2.0,3.0,2596855.0,10
3635,True,143.0,117.0,1.0,13.0,34782077.0,71
3636,False,7.0,7.0,1.0,3.0,1212816.0,6
3637,False,42.0,38.0,1.0,5.0,9973559.0,27
3638,False,12.0,12.0,2.0,2.0,2860982.0,12
3639,False,26.0,21.0,1.0,3.0,6908434.0,17
3640,False,141.0,103.0,7.0,27.0,32366565.0,90
3641,False,12.0,11.0,1.0,6.0,3064521.0,10
3642,False,38.0,25.0,1.0,6.0,9738828.0,13
3643,False,29.0,29.0,1.0,17.0,6505856.0,29
3644,False,79.0,70.0,1.0,14.0,17756425.0,54
3645,False,16.0,14.0,1.0,9.0,4181807.0,11
3646,False,20.0,17.0,1.0,3.0,4580941.0,16
3647,False,63.0,46.0,1.0,21.0,14317733.0,36
3648,False,70.0,59.0,1.0,4.0,15262976.0,46
3649,False,25.0,24.0,1.0,10.0,5935648.0,23
3650,False,127.0,108.0,1.0,51.0,31325868.0,75
3651,False,35.0,34.0,1.0,18.0,8383583.0,25
3652,False,25.0,16.0,1.0,6.0,6216075.0,11
3653,False,30.0,25.0,1.0,11.0,6454905.0,22
3654,False,61.0,51.0,1.0,22.0,15649472.0,40
3655,False,50.0,44.0,1.0,35.0,12298438.0,28
3656,False,14.0,14.0,1.0,7.0,4142738.0,13
3657,False,15.0,8.0,1.0,4.0,3465452.0,12
3658,False,115.0,111.0,1.0,47.0,26469348.0,96
3659,False,32.0,32.0,2.0,3.0,7586413.0,32
3660,False,29.0,28.0,1.0,3.0,4772866.0,23
3661,False,155.0,142.0,1.0,55.0,35867006.0,113
3662,False,78.0,70.0,1.0,25.0,17144211.0,64
3663,False,71.0,69.0,3.0,7.0,17658329.0,65
3664,False,71.0,16.0,1.0,10.0,17734798.0,39
3665,False,98.0,94.0,2.0,35.0,21390634.0,84
3666,False,79.0,79.0,1.0,3.0,19108261.0,73
3667,False,147.0,108.0,1.0,43.0,36270220.0,78
3668,False,36.0,24.0,6.0,15.0,8762756.0,12
3669,False,19.0,17.0,1.0,5.0,4973729.0,12
3670,False,26.0,25.0,2.0,10.0,6062536.0,24
3671,False,50.0,42.0,1.0,37.0,12546636.0,37
3672,False,223.0,127.0,7.0,56.0,48775106.0,67
3673,False,17.0,15.0,1.0,10.0,3672896.0,14
3674,False,79.0,70.0,1.0,11.0,20096818.0,52
3675,False,8.0,8.0,1.0,6.0,1735595.0,7
3676,False,47.0,43.0,1.0,12.0,11457360.0,30
3677,False,25.0,13.0,3.0,5.0,6510105.0,10
3678,False,59.0,52.0,1.0,8.0,13701174.0,43
3679,False,190.0,142.0,4.0,94.0,44339740.0,112
3680,False,42.0,38.0,1.0,13.0,8755065.0,31
3681,False,177.0,143.0,2.0,18.0,47207259.0,83
3682,False,41.0,35.0,1.0,2.0,8131390.0,25
3683,False,154.0,69.0,1.0,12.0,34846247.0,51
3684,False,94.0,72.0,2.0,42.0,25544512.0,56
3685,False,50.0,46.0,1.0,3.0,11341732.0,41
3686,False,39.0,19.0,1.0,7.0,12814593.0,20
3687,False,25.0,23.0,1.0,4.0,6438396.0,23
3688,False,233.0,146.0,1.0,27.0,51944436.0,72
3689,False,37.0,32.0,1.0,2.0,8589001.0,27
3690,False,43.0,41.0,1.0,13.0,9580599.0,37
3691,False,12.0,10.0,1.0,3.0,2140979.0,4
3692,False,52.0,50.0,1.0,30.0,12345880.0,46
3693,False,163.0,153.0,1.0,111.0,38899347.0,124
3694,False,19.0,7.0,1.0,15.0,4003364.0,5
3695,False,25.0,20.0,1.0,16.0,5487107.0,15
3696,False,68.0,59.0,1.0,4.0,16304597.0,50
3697,False,53.0,37.0,1.0,8.0,10612212.0,32
3698,False,53.0,31.0,1.0,7.0,12345957.0,24
3699,False,18.0,17.0,1.0,7.0,4977526.0,16
3700,False,19.0,19.0,3.0,6.0,4751825.0,19
3701,False,30.0,27.0,1.0,20.0,6827727.0,23
3702,False,38.0,38.0,1.0,27.0,9177778.0,37
3703,False,25.0,16.0,1.0,5.0,5435114.0,14
3704,False,54.0,52.0,1.0,14.0,12600821.0,52
3705,False,12.0,12.0,1.0,11.0,2831293.0,12
3706,False,234.0,173.0,1.0,108.0,60221104.0,125
3707,False,25.0,14.0,1.0,9.0,5484911.0,8
3708,False,40.0,40.0,1.0,2.0,9711829.0,40
3709,False,57.0,47.0,1.0,34.0,13779030.0,40
3710,False,27.0,24.0,1.0,3.0,6316102.0,22
3711,False,24.0,23.0,1.0,14.0,5385422.0,22
3712,False,73.0,63.0,1.0,43.0,15854807.0,56
3713,False,47.0,27.0,1.0,7.0,6999718.0,16
3714,False,14.0,14.0,1.0,2.0,3404288.0,14
3715,True,55.0,55.0,1.0,30.0,11327318.0,45
3716,False,57.0,49.0,3.0,25.0,11984214.0,42
3717,False,25.0,24.0,1.0,14.0,5471380.0,24
3718,False,16.0,16.0,1.0,5.0,3375829.0,16
3719,False,54.0,45.0,1.0,15.0,14868850.0,37
3720,False,134.0,121.0,1.0,42.0,31977335.0,109
3721,False,19.0,19.0,2.0,2.0,4205680.0,19
3722,False,53.0,30.0,1.0,10.0,13300219.0,13
3723,False,14.0,9.0,1.0,7.0,3434605.0,8
3724,False,93.0,8.0,1.0,2.0,19073792.0,5
3725,False,151.0,101.0,1.0,48.0,36345224.0,72
3726,False,100.0,71.0,1.0,37.0,24357572.0,57
3727,False,81.0,61.0,9.0,20.0,22774247.0,49
3728,False,76.0,68.0,1.0,35.0,16258756.0,63
3729,False,31.0,31.0,1.0,12.0,4963587.0,30
3730,False,54.0,54.0,1.0,26.0,12743617.0,54
3731,False,189.0,123.0,1.0,52.0,47669820.0,63
3732,False,184.0,155.0,1.0,25.0,41627556.0,110
3733,False,48.0,44.0,1.0,14.0,11325383.0,42
3734,False,14.0,13.0,1.0,5.0,3138298.0,11
3735,False,112.0,76.0,6.0,19.0,21502399.0,65
3736,False,236.0,187.0,6.0,4.0,53565379.0,130
3737,True,97.0,90.0,2.0,48.0,27413968.0,71
3738,False,45.0,43.0,1.0,17.0,9815460.0,39
3739,False,34.0,24.0,2.0,3.0,8615009.0,13
3740,False,11.0,11.0,1.0,3.0,2419873.0,11
3741,False,17.0,14.0,1.0,3.0,3743809.0,12
3742,False,20.0,18.0,1.0,4.0,4238048.0,16
3743,False,59.0,50.0,2.0,3.0,13702010.0,38
3744,False,85.0,68.0,1.0,14.0,19284000.0,52
3745,False,35.0,29.0,1.0,12.0,7783659.0,27
3746,False,53.0,49.0,1.0,17.0,17160155.0,44
3747,False,92.0,88.0,1.0,65.0,19761157.0,78
3748,False,195.0,73.0,1.0,20.0,79973898.0,48
3749,False,33.0,30.0,1.0,11.0,7852587.0,26
3750,False,14.0,14.0,1.0,3.0,3246618.0,14
3751,False,27.0,21.0,2.0,7.0,7294013.0,13
3752,False,72.0,56.0,1.0,4.0,17225567.0,46
3753,False,44.0,39.0,1.0,3.0,10931756.0,30
3754,False,144.0,118.0,1.0,64.0,34374893.0,79
3755,False,104.0,88.0,1.0,9.0,22573628.0,66
3756,False,74.0,65.0,2.0,2.0,16772000.0,63
3757,False,201.0,179.0,3.0,19.0,56691524.0,126
3758,False,23.0,22.0,1.0,6.0,5567321.0,19
3759,False,17.0,15.0,1.0,7.0,4062933.0,13
3760,False,63.0,33.0,1.0,4.0,14301475.0,18
3761,False,65.0,56.0,11.0,46.0,15433972.0,42
3762,False,30.0,22.0,2.0,8.0,6299759.0,15
3763,False,63.0,62.0,1.0,2.0,14779826.0,61
3764,False,118.0,106.0,2.0,6.0,27618612.0,87
3765,False,33.0,33.0,1.0,22.0,9413191.0,28
3766,False,11.0,11.0,1.0,9.0,2391473.0,11
3767,False,91.0,87.0,1.0,39.0,20280807.0,80
3768,False,27.0,21.0,1.0,2.0,5742850.0,25
3769,False,136.0,40.0,1.0,26.0,29753391.0,27
3770,False,37.0,22.0,1.0,11.0,9949119.0,13
3771,False,38.0,37.0,1.0,19.0,8516093.0,35
3772,False,39.0,39.0,1.0,12.0,8962005.0,32
3773,False,29.0,25.0,2.0,3.0,7376336.0,21
3774,False,53.0,52.0,2.0,7.0,12353995.0,52
3775,False,50.0,43.0,1.0,12.0,9096123.0,28
3776,False,93.0,63.0,1.0,46.0,21423710.0,54
3777,False,14.0,11.0,1.0,2.0,3291734.0,11
3778,False,68.0,65.0,2.0,48.0,14880299.0,59
3779,False,20.0,20.0,1.0,9.0,4171952.0,19
3780,False,52.0,43.0,1.0,24.0,13280747.0,35
3781,True,130.0,118.0,1.0,63.0,32294586.0,93
3782,False,14.0,12.0,1.0,10.0,3656134.0,12
3783,False,46.0,36.0,1.0,4.0,11114320.0,31
3784,False,92.0,92.0,1.0,13.0,20982128.0,91
3785,False,58.0,51.0,1.0,6.0,12866910.0,43
3786,False,36.0,30.0,1.0,5.0,9396872.0,25
3787,False,93.0,82.0,2.0,51.0,21616515.0,63
3788,False,82.0,31.0,1.0,13.0,14551786.0,59
3789,False,24.0,18.0,1.0,8.0,5432627.0,11
3790,False,10.0,8.0,1.0,5.0,2217900.0,7
3791,False,39.0,35.0,1.0,15.0,8465209.0,30
3792,False,60.0,50.0,1.0,24.0,14209769.0,46
3793,True,69.0,46.0,2.0,29.0,19252463.0,35
3794,False,31.0,30.0,2.0,14.0,7056122.0,29
3795,False,39.0,36.0,1.0,19.0,9346378.0,31
3796,False,15.0,13.0,1.0,2.0,4048914.0,8
3797,False,91.0,79.0,1.0,6.0,23758370.0,63
3798,False,54.0,50.0,1.0,12.0,13015255.0,47
3799,False,180.0,102.0,1.0,61.0,45088519.0,80
3800,False,127.0,109.0,1.0,55.0,31179494.0,83
3801,False,70.0,70.0,1.0,3.0,13383420.0,69
3802,False,73.0,59.0,3.0,28.0,18487679.0,43
3803,False,155.0,104.0,1.0,14.0,36213517.0,72
3804,False,23.0,19.0,1.0,13.0,5284179.0,17
3805,False,85.0,31.0,1.0,7.0,16078431.0,30
3806,False,77.0,60.0,1.0,26.0,17324969.0,53
3807,False,43.0,40.0,1.0,24.0,9419598.0,36
3808,False,24.0,17.0,1.0,4.0,6156194.0,15
3809,False,28.0,14.0,1.0,2.0,7502258.0,10
3810,False,209.0,133.0,1.0,122.0,44767289.0,80
3811,False,73.0,63.0,1.0,2.0,17468190.0,58
3812,False,37.0,5.0,1.0,3.0,11363148.0,3
3813,False,7.0,7.0,1.0,3.0,1591108.0,7
3814,False,193.0,102.0,3.0,41.0,42659251.0,51
3815,False,109.0,84.0,1.0,81.0,26087449.0,58
3816,False,120.0,91.0,2.0,8.0,29954989.0,70
3817,False,236.0,197.0,2.0,71.0,53462100.0,143
3818,False,238.0,194.0,2.0,34.0,64942669.0,130
3819,False,7.0,7.0,1.0,5.0,1588690.0,6
3820,False,73.0,63.0,1.0,21.0,18369551.0,45
3821,False,35.0,34.0,2.0,3.0,7654423.0,32
3822,False,26.0,8.0,1.0,4.0,6198727.0,3
3823,False,120.0,76.0,1.0,20.0,26796939.0,48
3824,False,37.0,26.0,1.0,21.0,8476233.0,24
3825,False,138.0,118.0,1.0,16.0,29060994.0,104
3826,False,22.0,21.0,1.0,3.0,3706143.0,20
3827,False,66.0,63.0,1.0,10.0,16347544.0,48
3828,False,37.0,34.0,1.0,5.0,9029410.0,30
3829,False,10.0,9.0,1.0,3.0,2570731.0,9
3830,False,23.0,19.0,1.0,4.0,6104760.0,10
3831,False,106.0,93.0,2.0,88.0,24388129.0,52
3832,False,74.0,53.0,1.0,39.0,16635613.0,42
3833,False,15.0,11.0,1.0,2.0,4712648.0,9
3834,False,177.0,122.0,1.0,66.0,43267823.0,84
3835,False,87.0,73.0,1.0,8.0,21120209.0,55
3836,False,91.0,56.0,1.0,4.0,21975721.0,44
3837,False,209.0,37.0,1.0,2.0,71124035.0,27
3838,False,24.0,24.0,1.0,9.0,4842207.0,18
3839,False,70.0,61.0,3.0,29.0,16146243.0,50
3840,False,26.0,26.0,1.0,2.0,5793858.0,23
3841,False,55.0,47.0,3.0,34.0,13746655.0,36
3842,False,25.0,20.0,1.0,10.0,5955641.0,19
3843,False,82.0,41.0,1.0,18.0,17706844.0,34
3844,False,11.0,11.0,1.0,3.0,2262185.0,10
3845,False,90.0,72.0,2.0,19.0,20678142.0,58
3846,False,30.0,27.0,1.0,10.0,7214325.0,25
3847,False,23.0,18.0,1.0,4.0,5109835.0,15
3848,False,54.0,8.0,2.0,3.0,12563124.0,4
3849,False,28.0,21.0,1.0,3.0,4902141.0,17
3850,False,136.0,95.0,3.0,72.0,29143694.0,59
3851,True,116.0,104.0,2.0,39.0,25004006.0,78
3852,False,38.0,32.0,1.0,7.0,10153354.0,25
3853,False,60.0,49.0,3.0,4.0,11796233.0,31
3854,False,37.0,33.0,1.0,6.0,8634452.0,32
3855,False,7.0,5.0,1.0,4.0,1548329.0,4
3856,False,39.0,37.0,1.0,2.0,9767463.0,32
3857,False,38.0,29.0,1.0,10.0,9336322.0,25
3858,False,40.0,27.0,1.0,7.0,8009200.0,34
3859,False,50.0,32.0,1.0,36.0,11495667.0,30
3860,False,85.0,68.0,1.0,13.0,19701552.0,51
3861,False,28.0,25.0,1.0,6.0,5791467.0,20
3862,False,174.0,170.0,1.0,51.0,38316304.0,163
3863,False,14.0,14.0,1.0,6.0,3659776.0,14
3864,False,89.0,71.0,2.0,33.0,21088221.0,43
3865,False,87.0,42.0,1.0,25.0,17945675.0,31
3866,False,49.0,39.0,1.0,5.0,12806930.0,27
3867,False,84.0,48.0,3.0,31.0,19868475.0,26
3868,False,15.0,4.0,1.0,2.0,2996408.0,3
3869,False,101.0,70.0,1.0,39.0,22755706.0,50
3870,False,36.0,35.0,1.0,15.0,8396520.0,33
3871,False,21.0,21.0,1.0,3.0,4978687.0,20
3872,False,110.0,60.0,1.0,41.0,28154633.0,42
3873,False,165.0,147.0,1.0,9.0,40846101.0,107
3874,False,60.0,41.0,1.0,34.0,13732716.0,33
3875,False,15.0,15.0,1.0,2.0,3303954.0,14
3876,False,85.0,52.0,1.0,32.0,18372667.0,40
3877,False,121.0,113.0,3.0,40.0,26463603.0,93
3878,False,67.0,33.0,5.0,5.0,13706751.0,11
3879,False,27.0,20.0,2.0,11.0,5580836.0,18
3880,False,61.0,52.0,2.0,8.0,14188352.0,39
3881,False,53.0,42.0,1.0,33.0,11261576.0,35
3882,False,33.0,29.0,1.0,12.0,8124302.0,28
3883,False,102.0,98.0,1.0,4.0,23562328.0,85
3884,False,5.0,5.0,1.0,4.0,1212078.0,4
3885,False,11.0,10.0,1.0,5.0,2336007.0,10
3886,False,105.0,87.0,1.0,3.0,26129406.0,58
3887,False,75.0,67.0,1.0,23.0,16205721.0,54
3888,True,117.0,109.0,4.0,70.0,25930641.0,104
3889,False,72.0,65.0,1.0,6.0,15363212.0,60
3890,False,42.0,25.0,1.0,2.0,11354619.0,12
3891,False,161.0,117.0,1.0,63.0,35075549.0,68
3892,False,34.0,27.0,4.0,14.0,8598911.0,18
3893,False,20.0,5.0,1.0,4.0,4023854.0,3
3894,False,93.0,43.0,1.0,10.0,18251595.0,39
3895,True,114.0,64.0,1.0,43.0,23636035.0,61
3896,False,86.0,57.0,1.0,4.0,22502355.0,35
3897,False,202.0,127.0,2.0,75.0,50253187.0,66
3898,False,66.0,41.0,1.0,28.0,15084386.0,28
3899,False,27.0,24.0,1.0,3.0,5846072.0,19
3900,False,86.0,55.0,1.0,6.0,20663084.0,36
3901,False,110.0,102.0,9.0,42.0,23899095.0,86
3902,False,157.0,132.0,1.0,45.0,38843445.0,94
3903,False,13.0,13.0,1.0,4.0,3606561.0,11
3904,False,196.0,135.0,1.0,75.0,48937148.0,92
3905,False,24.0,14.0,1.0,7.0,4432428.0,13
3906,False,19.0,15.0,1.0,5.0,5226815.0,11
3907,False,64.0,47.0,1.0,5.0,14286444.0,34
3908,False,22.0,21.0,1.0,2.0,5139035.0,20
3909,False,46.0,41.0,1.0,28.0,10553980.0,37
3910,False,114.0,99.0,1.0,7.0,27182322.0,87
3911,False,43.0,42.0,1.0,14.0,9598056.0,38
3912,False,101.0,64.0,4.0,2.0,24754094.0,31
3913,False,12.0,8.0,1.0,3.0,2698524.0,5
3914,False,31.0,28.0,1.0,2.0,7810327.0,20
3915,False,35.0,29.0,3.0,19.0,9182702.0,24
3916,False,153.0,103.0,1.0,65.0,35135790.0,80
3917,False,130.0,112.0,1.0,12.0,34388790.0,81
3918,False,20.0,18.0,2.0,5.0,4188939.0,18
3919,False,20.0,14.0,1.0,7.0,4439846.0,12
3920,False,76.0,58.0,2.0,29.0,16523790.0,39
3921,False,35.0,28.0,1.0,3.0,7534009.0,22
3922,False,126.0,99.0,4.0,54.0,29536593.0,77
3923,False,40.0,30.0,1.0,2.0,9548987.0,20
3924,False,30.0,29.0,1.0,8.0,6583729.0,24
3925,False,100.0,65.0,1.0,2.0,23205472.0,54
3926,False,83.0,71.0,3.0,25.0,18420482.0,61
3927,False,149.0,85.0,1.0,22.0,31799824.0,51
3928,False,40.0,36.0,1.0,17.0,9071291.0,31
3929,False,201.0,158.0,4.0,59.0,49820410.0,124
3930,False,119.0,80.0,1.0,13.0,22046781.0,39
3931,False,23.0,22.0,1.0,13.0,5007868.0,21
3932,False,47.0,10.0,1.0,3.0,9182840.0,7
3933,False,56.0,27.0,1.0,5.0,11706787.0,11
3934,True,22.0,22.0,1.0,3.0,5024111.0,22
3935,False,22.0,19.0,2.0,6.0,7142209.0,16
3936,False,108.0,80.0,1.0,37.0,23673966.0,55
3937,False,33.0,31.0,1.0,4.0,8463782.0,27
3938,True,32.0,30.0,1.0,16.0,7804168.0,30
3939,False,31.0,28.0,1.0,2.0,6993391.0,25
3940,True,90.0,76.0,1.0,2.0,21809501.0,49
3941,False,48.0,44.0,2.0,6.0,11431437.0,34
3942,False,20.0,20.0,1.0,7.0,6350669.0,19
3943,False,79.0,57.0,1.0,26.0,17684240.0,42
3944,False,42.0,14.0,1.0,12.0,8868506.0,6
3945,False,29.0,28.0,2.0,14.0,6976094.0,23
3946,False,23.0,19.0,1.0,9.0,4512385.0,15
3947,False,13.0,5.0,1.0,2.0,2534593.0,5
3948,False,16.0,14.0,2.0,8.0,3881077.0,14
3949,False,27.0,14.0,1.0,21.0,6924943.0,12
3950,False,24.0,22.0,1.0,12.0,5539935.0,19
3951,False,215.0,128.0,1.0,63.0,52586065.0,74
3952,False,112.0,68.0,1.0,3.0,26637187.0,43
3953,False,77.0,69.0,1.0,3.0,18653965.0,51
3954,False,24.0,21.0,1.0,3.0,8282038.0,9
3955,False,27.0,23.0,1.0,7.0,5721853.0,19
3956,False,13.0,13.0,1.0,6.0,2729564.0,13
3957,False,16.0,16.0,1.0,3.0,3821858.0,15
3958,False,13.0,11.0,1.0,8.0,2675915.0,7
3959,False,106.0,97.0,1.0,74.0,22956984.0,82
3960,False,219.0,120.0,1.0,87.0,53207362.0,87
3961,False,106.0,87.0,1.0,38.0,24396300.0,63
3962,False,19.0,14.0,2.0,2.0,4204456.0,9
3963,False,162.0,95.0,1.0,67.0,38855043.0,60
3964,False,64.0,63.0,3.0,45.0,15237739.0,61
3965,False,68.0,47.0,1.0,10.0,14984915.0,27
3966,False,66.0,62.0,2.0,8.0,14142763.0,54
3967,False,135.0,119.0,1.0,42.0,29965953.0,102
3968,False,126.0,117.0,1.0,46.0,28816633.0,87
3969,True,166.0,137.0,1.0,8.0,36538249.0,107
3970,False,24.0,17.0,1.0,5.0,4554685.0,21
3971,False,99.0,60.0,1.0,22.0,22073536.0,52
3972,False,10.0,8.0,2.0,3.0,2336623.0,5
3973,False,144.0,83.0,1.0,14.0,31994051.0,48
3974,False,91.0,85.0,1.0,2.0,21466192.0,76
3975,False,28.0,27.0,1.0,16.0,6312074.0,24
3976,False,59.0,18.0,1.0,3.0,17285680.0,3
3977,False,107.0,79.0,1.0,18.0,25041777.0,56
3978,False,56.0,38.0,1.0,4.0,12610605.0,31
3979,False,7.0,7.0,1.0,2.0,1480467.0,7
3980,False,111.0,107.0,52.0,9.0,25178698.0,96
3981,False,53.0,48.0,1.0,22.0,12880342.0,42
3982,False,58.0,47.0,2.0,42.0,13723907.0,39
3983,False,36.0,31.0,2.0,7.0,7719386.0,27
3984,False,53.0,49.0,4.0,13.0,11519592.0,33
3985,False,13.0,13.0,1.0,3.0,4005166.0,13
3986,False,61.0,34.0,1.0,8.0,11330527.0,26
3987,False,119.0,113.0,1.0,63.0,31747199.0,97
3988,False,97.0,79.0,1.0,27.0,22051254.0,61
3989,False,38.0,6.0,1.0,5.0,8663933.0,3
3990,False,64.0,20.0,1.0,12.0,15385641.0,14
3991,False,15.0,15.0,1.0,9.0,3054588.0,14
3992,False,29.0,25.0,2.0,24.0,6115465.0,19
3993,False,30.0,26.0,1.0,14.0,10452789.0,21
3994,False,102.0,82.0,1.0,34.0,23990427.0,70
3995,False,33.0,26.0,1.0,7.0,8477473.0,17
3996,False,68.0,63.0,1.0,28.0,15525546.0,54
3997,False,33.0,33.0,1.0,20.0,8997965.0,29
3998,False,187.0,97.0,3.0,58.0,43506514.0,54
3999,False,97.0,56.0,1.0,9.0,22548683.0,17
